weather_score,qt_jeans_kg,qt_water_to_use_liters,qt_electricity_to_use_kWh,pv_output_kWh,water_saved_liters,cost_saved_TND
0.6247240713084175,31341,3134100,43877.4,12036.107982816178,2350575.0,5406.3225
0.9704285838459497,41855,4185500,58597.0,21478.270524417247,3139125.0,7219.987499999999
0.839196365086843,54791,5479100,76707.4,25088.483815388892,4109325.0,9451.4475
0.759195090518222,30338,3033800,42473.2,11205.57671314846,2275350.0,5233.305
0.4936111842654619,35895,3589500,50253.0,9293.368049521423,2692125.0,6191.887499999999
0.9414477268626797,42254,4225400,59155.6,19238.98725041689,3169050.0,7288.814999999999
0.8305078085828523,49092,4909200,68728.8,17959.543334549315,3681900.0,8468.37
0.9152576720333626,41344,4134400,57881.6,22286.701892793477,3100800.0,7131.839999999999
0.7606690070459252,31750,3175000,44450.0,14662.208338450473,2381250.0,5476.875
0.8248435466776274,51988,5198800,72783.2,25448.615808187995,3899100.0,8967.93
0.41235069657748147,32421,3242100,45389.4,7349.888627067294,2431575.0,5592.6225
0.9819459112971965,37119,3711900,51966.6,19184.48852962147,2783925.0,6403.027499999999
0.899465584480253,55285,5528500,77399.0,32905.98798462139,4146375.0,9536.6625
0.5274034664069657,35319,3531900,49446.6,10530.847431733597,2648925.0,6092.527499999999
0.5090949803242604,45896,4589600,64254.4,12948.438214364985,3442200.0,7917.0599999999995
0.5100427059120604,52993,5299300,74190.2,11546.111135747458,3974475.0,9141.2925
0.5825453457757226,51771,5177100,72479.4,15548.430955195618,3882825.0,8930.4975
0.9213430092765712,41918,4191800,58685.2,20332.134126970086,3143850.0,7230.854999999999
0.8848261342604772,50377,5037700,70527.8,23699.146606016962,3778275.0,8690.0325
0.9472888471249445,55064,5506400,77089.6,30381.382707796034,4129800.0,9498.54
0.7671117368334277,54428,5442800,76199.2,23774.156216262647,4082100.0,9388.83
0.4836963163912251,43849,4384900,61388.6,12518.190548352724,3288675.0,7563.952499999999
0.5752867891211308,54622,5462200,76470.8,19927.639243452995,4096650.0,9422.295
0.619817105976215,34873,3487300,48822.2,13998.575825818909,2615475.0,6015.5925
0.6736419905302216,34806,3480600,48728.4,14562.19819797736,2610450.0,6004.035
0.8711055768358081,38592,3859200,54028.8,23113.740921888297,2894400.0,6657.119999999999
0.5198042692950159,42182,4218200,59054.8,9321.018037653765,3163650.0,7276.394999999999
0.708540663048167,52297,5229700,73215.8,17594.161745771853,3922275.0,9021.2325
0.7554487413172255,53508,5350800,74911.2,17063.070521562095,4013100.0,9230.13
0.986873402953803,49541,4954100,69357.4,29397.62890935582,3715575.0,8545.8225
0.9851137025813552,46774,4677400,65483.6,30938.810612599336,3508050.0,8068.514999999999
0.8901678742808264,42045,4204500,58863.0,18270.98019264078,3153375.0,7252.762499999999
0.43903095579116774,34430,3443000,48202.0,10272.263590180979,2582250.0,5939.175
0.9693313223519999,38820,3882000,54348.0,16439.357525907093,2911500.0,6696.449999999999
0.9793792198447356,54070,5407000,75698.0,36096.380203935114,4055250.0,9327.075
0.8850384088698766,34232,3423200,47924.8,15707.422182400533,2567400.0,5905.02
0.5827682615040224,41122,4112200,57570.8,10745.673091921319,3084150.0,7093.544999999999
0.45860326840383037,45023,4502300,63032.2,11481.028804040083,3376725.0,7766.467499999999
0.8105398159072941,38007,3800700,53209.8,15153.48438282751,2850525.0,6556.207499999999
0.6640914962437607,47905,4790500,67067.0,15899.156748797732,3592875.0,8263.6125
0.47322294090686734,39018,3901800,54625.2,9343.6521746351,2926350.0,6730.604999999999
0.822647609168151,31500,3150000,44100.0,16710.184563572588,2362500.0,5433.75
0.9969682397924668,36737,3673700,51431.8,20911.954161245925,2755275.0,6337.132499999999
0.9677796172891868,33294,3329400,46611.6,16341.52981822045,2497050.0,5743.215
0.5552679889600102,51469,5146900,72056.6,16887.196245874813,3860175.0,8878.4025
0.7975133706123891,48803,4880300,68324.2,24151.372049233312,3660225.0,8418.5175
0.5870266456536466,55510,5551000,77714.0,16173.488295819643,4163250.0,9575.475
0.7120408127066865,49426,4942600,69196.4,18856.36577643364,3706950.0,8525.985
0.7280261676059678,34497,3449700,48295.8,11405.299641100322,2587275.0,5950.7325
0.5109126733153162,47850,4785000,66990.0,11507.816971718292,3588750.0,8254.124999999998
0.9817507766587351,49945,4994500,69923.0,29945.421821735414,3745875.0,8615.5125
0.8650796940166687,30614,3061400,42859.6,12468.52771840785,2296050.0,5280.915
0.9636993649385135,51776,5177600,72486.4,28293.59718330829,3883200.0,8931.36
0.8249325362406534,54077,5407700,75707.8,27592.67881933525,4055775.0,9328.2825
0.9841683765234744,39374,3937400,55123.6,17434.90511325722,2953050.0,6792.014999999999
0.9739792724124257,49607,4960700,69449.8,27967.701862891026,3720525.0,8557.2075
0.4530955012311517,53522,5352200,74930.8,11927.345296659585,4014150.0,9232.545
0.5175897174514872,32667,3266700,45733.8,11660.15816751324,2450025.0,5635.0575
0.4271363733463229,54364,5436400,76109.6,12896.687906690335,4077300.0,9377.79
0.5951981984579586,43409,4340900,60772.6,16682.353529299333,3255675.0,7488.052499999999
0.6332063738136893,46514,4651400,65119.6,16907.868024340478,3488550.0,8023.664999999999
0.5628094190643376,32983,3298300,46176.2,8022.164545323654,2473725.0,5689.5675
0.8972425054911576,50662,5066200,70926.8,27150.12771678253,3799650.0,8739.195
0.6140519960161536,53510,5351000,74914.0,22553.445757056463,4013250.0,9230.475
0.5685607058124285,42651,4265100,59711.4,14269.757521776875,3198825.0,7357.297499999999
0.9037676114252144,38230,3823000,53522.0,22436.50563664494,2867250.0,6594.674999999999
0.9182550871489858,54078,5407800,75709.2,33150.17739655052,4055850.0,9328.455
0.8798005407740261,36640,3664000,51296.0,15597.73392084292,2748000.0,6320.399999999999
0.44473038620786254,41779,4177900,58490.6,8906.929416511324,3133425.0,7206.877499999999
0.9921321619603104,51852,5185200,72592.8,30407.26746550077,3888900.0,8944.47
0.8633468615779945,45317,4531700,63443.8,20934.9368277281,3398775.0,7817.182499999999
0.5192294089205034,47304,4730400,66225.6,16091.824783445596,3547800.0,8159.939999999999
0.4033132702741615,37564,3756400,52589.6,10180.938197877615,2817300.0,6479.789999999999
0.8892768570729005,45520,4552000,63728.0,21007.358321628348,3414000.0,7852.199999999999
0.8241144063085704,55068,5506800,77095.2,22070.506239122304,4130100.0,9499.23
0.8374043008245924,43737,4373700,61231.8,23387.14157629295,3280275.0,7544.632499999999
0.8627622080115674,39323,3932300,55052.2,16859.577413632214,2949225.0,6783.217499999999
0.8109523277644063,45229,4522900,63320.6,23853.243460806672,3392175.0,7802.002499999999
0.8670394483291802,41713,4171300,58398.2,19481.13676024139,3128475.0,7195.492499999999
0.9605706897196022,38502,3850200,53902.8,22446.04120856158,2887650.0,6641.594999999999
0.9178620555253562,55314,5531400,77439.6,22681.76956932387,4148550.0,9541.665
0.7739788760965347,49625,4962500,69475.0,22840.910206828936,3721875.0,8560.3125
0.5985388149115896,30545,3054500,42763.0,9991.221842345645,2290875.0,5269.0125
0.4381350101716142,34346,3434600,48084.4,8791.907684078213,2575950.0,5924.685
0.5865893930293973,39996,3999600,55994.4,10957.425894702581,2999700.0,6899.3099999999995
0.5951099932160482,45775,4577500,64085.0,17061.809926115817,3433125.0,7896.187499999999
0.8377637070028385,43919,4391900,61486.6,24342.122386599098,3293925.0,7576.027499999999
0.7825344828131279,33810,3381000,47334.0,12717.775721452357,2535750.0,5832.225
0.932327645545796,37206,3720600,52088.4,15498.682508004153,2790450.0,6418.034999999999
0.8009264046009206,39005,3900500,54607.0,13327.62878232037,2925375.0,6728.362499999999
0.8666998343382288,46371,4637100,64919.4,24103.87656461321,3477825.0,7998.9974999999995
0.8796337387181887,42316,4231600,59242.4,21960.814130900246,3173700.0,7299.509999999999
0.8564710291701385,48416,4841600,67782.4,23763.65591679467,3631200.0,8351.759999999998
0.7367663185416977,38436,3843600,53810.4,13732.84764023312,2882700.0,6630.209999999999
0.8625803079727365,42984,4298400,60177.6,19630.634505522095,3223800.0,7414.739999999999
0.6962773578186345,30271,3027100,42379.4,12360.684738613136,2270325.0,5221.7475
0.7136396976291964,49895,4989500,69853.0,19907.715183828277,3742125.0,8606.8875
0.6565246110151297,48155,4815500,67417.0,22022.3350286123,3611625.0,8306.7375
0.4152514760464571,55838,5583800,78173.2,10624.26981282709,4187850.0,9632.055
0.4647348561959827,40616,4061600,56862.4,11601.751342271838,3046200.0,7006.259999999999
0.4188575114120406,34361,3436100,48105.4,7674.141127057327,2577075.0,5927.2725
0.9074791205875846,37069,3706900,51896.6,18161.743382624976,2780175.0,6394.402499999999
0.9839711232825521,47304,4730400,66225.6,28901.542764579506,3547800.0,8159.939999999999
0.8692691988731923,54574,5457400,76403.6,29122.259261747386,4093050.0,9414.015
0.9445398843556558,33430,3343000,46802.0,22025.86970333452,2507250.0,5766.675
0.549575337489325,50819,5081900,71146.6,12734.179055936416,3811425.0,8766.2775
0.6462297538213778,42676,4267600,59746.4,12386.903067860763,3200700.0,7361.609999999999
0.8533306831258292,40816,4081600,57142.4,21692.35860058593,3061200.0,7040.759999999999
0.5372788992949735,50144,5014400,70201.6,15678.452363998234,3760800.0,8649.84
0.44618794589727584,32050,3205000,44870.0,7103.900094845448,2403750.0,5528.625
0.5738508717482609,41692,4169200,58368.8,10580.526171470761,3126900.0,7191.869999999999
0.49673277235240265,31165,3116500,43631.0,6873.177627991917,2337375.0,5375.9625
0.9578185914055438,54951,5495100,76931.4,35283.825468065545,4121325.0,9479.0475
0.8693906403792455,32033,3203300,44846.2,13192.797864210497,2402475.0,5525.6925
0.9475002496219497,52851,5285100,73991.4,25566.174602401054,3963825.0,9116.7975
0.8904435881779614,30145,3014500,42203.0,12977.339126702756,2260875.0,5200.0125
0.8822032461394687,44269,4426900,61976.6,20284.73991200367,3320175.0,7636.402499999999
0.5119420353316215,50772,5077200,71080.8,11422.031133445887,3807900.0,8758.17
0.9355353990939866,37832,3783200,52964.8,20009.06234776183,2837400.0,6526.019999999999
0.7236053451493905,55007,5500700,77009.8,17470.94887648252,4125525.0,9488.7075
0.8844640930984375,55280,5528000,77392.0,31492.085366638126,4146000.0,9535.8
0.937654779954096,54557,5455700,76379.8,24832.958349179666,4091775.0,9411.0825
0.5908020849831184,44286,4428600,62000.4,14945.11324694388,3321450.0,7639.334999999999
0.46603115471660606,32632,3263200,45684.8,10134.633849550351,2447400.0,5629.02
0.536761097525165,34494,3449400,48291.6,11150.600919193113,2587050.0,5950.215
0.8449209645879965,45152,4515200,63212.8,21715.981869256742,3386400.0,7788.719999999999
0.8904879032265387,54440,5444000,76216.0,24763.29694306351,4083000.0,9390.9
0.82817140407596,53895,5389500,75453.0,22908.130923151755,4042125.0,9296.8875
0.40417127831871447,39155,3915500,54817.0,9613.194973795706,2936625.0,6754.237499999999
0.7064483815465394,40426,4042600,56596.4,19944.353068661076,3031950.0,6973.484999999999
0.6504466018892674,40233,4023300,56326.2,15840.740635223667,3017475.0,6940.192499999999
0.5332646862824382,31828,3182800,44559.2,9779.347277484618,2387100.0,5490.33
0.4719192204002097,56684,5668400,79357.6,16707.740389979557,4251300.0,9777.99
0.6025691028421768,42260,4226000,59164.0,14012.072603384056,3169500.0,7289.849999999999
0.9657458223475115,39130,3913000,54782.0,16508.0182845718,2934750.0,6749.924999999999
0.5939217592124532,34805,3480500,48727.0,11936.584513235015,2610375.0,6003.8625
0.7112743730460196,30806,3080600,43128.4,15078.084415686235,2310450.0,5314.035
0.8352773973012447,56039,5603900,78454.6,21956.97406617592,4202925.0,9666.7275
0.899673554547896,53870,5387000,75418.0,29719.058469941294,4040250.0,9292.575
0.8837850899009096,38202,3820200,53482.8,16079.708998707883,2865150.0,6589.844999999999
0.9774683769652668,31868,3186800,44615.2,17756.46753793878,2390100.0,5497.23
0.5510693774952184,44561,4456100,62385.4,10978.326876526073,3342075.0,7686.772499999999
0.6983491035354312,45512,4551200,63716.8,17356.963440704538,3413400.0,7850.819999999999
0.5805269858900618,54262,5426200,75966.8,19899.711363440456,4069650.0,9360.195
0.5709042966264806,44899,4489900,62858.6,13260.480808232529,3367425.0,7745.077499999999
0.4221321684127197,52074,5207400,72903.6,13325.012073107175,3905550.0,8982.765
0.7657386003879381,54211,5421100,75895.4,26680.49114130852,4065825.0,9351.3975
0.701607413937317,46220,4622000,64708.0,22038.586514522416,3466500.0,7972.949999999999
0.4308872507499936,45934,4593400,64307.6,9613.152229280893,3445050.0,7923.614999999999
0.98296918021362,35429,3542900,49600.6,18520.55660288023,2657175.0,6111.502499999999
0.8724787798233267,39076,3907600,54706.4,15774.02047667832,2930700.0,6740.609999999999
0.9161176700556087,33564,3356400,46989.6,21459.28739029253,2517300.0,5789.79
0.48693692325473387,31389,3138900,43944.6,10386.713875769039,2354175.0,5414.6025
0.6936716561665378,41593,4159300,58230.2,16479.850499124146,3119475.0,7174.792499999999
0.9913902724663605,37274,3727400,52183.6,24232.69689933487,2795550.0,6429.764999999999
0.5452331629069003,47208,4720800,66091.2,14565.090226634875,3540600.0,8143.379999999999
0.8032813284435272,48649,4864900,68108.6,23236.430336136644,3648675.0,8391.9525
0.8569717691972305,47320,4732000,66248.0,18043.766048950918,3549000.0,8162.699999999999
0.5425825263954398,40745,4074500,57043.0,13960.365240795069,3055875.0,7028.512499999999
0.8369298091671158,52786,5278600,73900.4,20134.635985366225,3958950.0,9105.585
0.620669879631552,44199,4419900,61878.6,17867.075915019195,3314925.0,7624.327499999999
0.926452857583906,50229,5022900,70320.6,29734.242156044842,3767175.0,8664.5025
0.8026188913176667,45876,4587600,64226.4,22771.858310864427,3440700.0,7913.609999999999
0.9327074744033421,48180,4818000,67452.0,19328.886861388866,3613500.0,8311.05
0.454173862032645,38245,3824500,53543.0,8769.6341604296,2868375.0,6597.262499999999
0.9011814973535428,37214,3721400,52099.6,16556.04860561415,2791050.0,6419.414999999999
0.5924680389830415,30726,3072600,43016.4,9481.428572442459,2304450.0,5300.235
0.5119111062399125,49120,4912000,68768.0,11177.99021367,3684000.0,8473.2
0.4244650849328584,43832,4383200,61364.8,12695.192893874988,3287400.0,7561.019999999999
0.754535765912945,41362,4136200,57906.8,17947.25426458473,3102150.0,7134.944999999999
0.8065386171053694,48297,4829700,67615.8,19692.764761889623,3622275.0,8331.232499999998
0.4099526973567137,56172,5617200,78640.8,12231.360492182459,4212900.0,9689.67
0.7072558349795686,40106,4010600,56148.4,15465.182433226753,3007950.0,6918.284999999999
0.8356071933739503,37657,3765700,52719.8,18507.51496630976,2824275.0,6495.832499999999
0.992214063493891,48850,4885000,68390.0,27355.8013360198,3663750.0,8426.625
0.8297325455506226,55425,5542500,77595.0,31153.589556560884,4156875.0,9560.8125
0.8145626428614796,56685,5668500,79359.0,25817.89286986904,4251375.0,9778.1625
0.6320412077803225,53696,5369600,75174.4,23682.13953709605,4027200.0,9262.56
0.9620379932420408,44551,4455100,62371.4,28218.819086107793,3341325.0,7685.047499999999
0.482512566487596,54578,5457800,76409.2,12598.009534526424,4093350.0,9414.705
0.6046398106301552,37906,3790600,53068.4,15598.23168293162,2842950.0,6538.784999999999
0.46808411274435346,51260,5126000,71764.0,10859.262905271966,3844500.0,8842.35
0.9548161709671377,37287,3728700,52201.8,23101.786077660243,2796525.0,6432.007499999999
0.9264036120285886,30892,3089200,43248.8,15069.752101405742,2316900.0,5328.87
0.5547649766290934,40222,4022200,56310.8,14857.231445564405,3016650.0,6938.294999999999
0.8829248247454048,56952,5695200,79732.8,33341.32340052879,4271400.0,9824.22
0.8170699336157288,34675,3467500,48545.0,18292.74936271257,2600625.0,5981.4375
0.9993748503691895,31933,3193300,44706.2,20462.91135469235,2394975.0,5508.4425
0.7177903470136039,47764,4776400,66869.6,17324.325414314415,3582300.0,8239.289999999999
0.545111374540271,41873,4187300,58622.2,10103.853707947885,3140475.0,7223.092499999999
0.45586166068353956,47674,4767400,66743.6,11579.957261103793,3575550.0,8223.765
0.938329454771996,48024,4802400,67233.6,21115.617658701984,3601800.0,8284.14
0.9402508342979983,43239,4323900,60534.6,24986.317098045132,3242925.0,7458.727499999999
0.7798608743639608,53874,5387400,75423.6,21717.485667733832,4040550.0,9293.265
0.6034178746292205,40874,4087400,57223.6,17096.436845648477,3065550.0,7050.764999999999
0.6095257447675966,55563,5556300,77788.2,20302.3717084057,4167225.0,9584.6175
0.8355734073221437,47602,4760200,66642.8,25865.44349496178,3570150.0,8211.345
0.9004390020662485,35016,3501600,49022.4,14412.476644502078,2626200.0,6040.259999999999
0.9190770034640088,53265,5326500,74571.0,32376.83696766872,3994875.0,9188.2125
0.8134152954776855,55931,5593100,78303.4,30862.623540110984,4194825.0,9648.0975
0.7852189876925726,43774,4377400,61283.6,19123.899740813053,3283050.0,7551.014999999999
0.4504839789970293,39752,3975200,55652.8,10561.044909031396,2981400.0,6857.219999999999
0.4969772284567683,55994,5599400,78391.6,17646.872579096536,4199550.0,9658.965
0.9391325131162476,47338,4733800,66273.2,20848.16240505104,3550350.0,8165.804999999999
0.7638574357957539,45585,4558500,63819.0,19524.465614118213,3418875.0,7863.412499999999
0.4055182309699778,55559,5555900,77782.6,11977.62546810058,4166925.0,9583.9275
0.4608829257196193,37291,3729100,52207.4,7922.845317572556,2796825.0,6432.697499999999
0.7981010614648335,30974,3097400,43363.6,12926.526154085315,2323050.0,5343.015
0.40303695030773123,34133,3413300,47786.2,6040.475635236674,2559975.0,5887.9425
0.9499920940798355,44663,4466300,62528.2,18127.04084034854,3349725.0,7704.367499999999
0.8419811186191172,51754,5175400,72455.6,19951.07174965282,3881550.0,8927.565
0.9796108578881427,33972,3397200,47560.8,22951.836716420334,2547900.0,5860.17
0.7911767557015603,35295,3529500,49413.0,16025.032478103769,2647125.0,6088.387499999999
0.5345615856763359,43913,4391300,61478.2,16207.298731494097,3293475.0,7574.992499999999
0.8273075328085215,39105,3910500,54747.0,17505.572806043965,2932875.0,6745.612499999999
0.5423494524980801,38228,3822800,53519.2,10517.994447477151,2867100.0,6594.329999999999
0.5952398188955607,39903,3990300,55864.2,13341.885093398105,2992725.0,6883.267499999999
0.8478948430708144,33020,3302000,46228.0,15204.40731090454,2476500.0,5695.95
0.7897797394283288,38987,3898700,54581.8,13843.270118498127,2924025.0,6725.257499999999
0.9095340462965068,50420,5042000,70588.0,27489.14724569629,3781500.0,8697.45
0.7945677353802061,51452,5145200,72032.8,19643.468060273306,3858900.0,8875.47
0.8410279280964015,42880,4288000,60032.0,21403.000842572932,3216000.0,7396.799999999999
0.8381375441327333,35233,3523300,49326.2,17778.7829736627,2642475.0,6077.692499999999
0.807309933569619,39516,3951600,55322.4,14756.65354166068,2963700.0,6816.509999999999
0.5591214206090352,44559,4455900,62382.6,10891.802604892162,3341925.0,7686.427499999999
0.5463937860274501,46701,4670100,65381.4,16295.581129611925,3502575.0,8055.922499999999
0.9838063328514673,32396,3239600,45354.4,17489.237793405133,2429700.0,5588.31
0.6358586348000562,48546,4854600,67964.4,13467.443595792716,3640950.0,8374.185
0.935227933106268,49129,4912900,68780.6,32096.723805523416,3684675.0,8474.7525
0.7786831755983578,31591,3159100,44227.4,10729.722160816242,2369325.0,5449.4475
0.876886782124989,41303,4130300,57824.2,22259.973714595755,3097725.0,7124.767499999999
0.7015822558631153,36183,3618300,50656.2,17653.73699675761,2713725.0,6241.567499999999
0.7461423307758155,50314,5031400,70439.6,18281.554217209297,3773550.0,8679.165
0.8944133890219998,56572,5657200,79200.8,23266.81621968515,4242900.0,9758.67
0.9129682266525233,31312,3131200,43836.8,12978.085700688582,2348400.0,5401.32
0.8131417278856705,55861,5586100,78205.4,22934.801356308624,4189575.0,9636.0225
0.5684634174645135,50695,5069500,70973.0,12919.016085814332,3802125.0,8744.8875
0.41458957985887235,37314,3731400,52239.6,9495.563356415203,2798550.0,6436.664999999999
0.7872833775443007,48767,4876700,68273.8,16794.895502233223,3657525.0,8412.3075
0.5062664076442294,49623,4962300,69472.2,14134.854415155345,3721725.0,8559.9675
0.9642751506117486,32139,3213900,44994.6,21664.92451007506,2410425.0,5543.9775
0.9723571462015524,44688,4468800,62563.2,28153.509165520893,3351600.0,7708.679999999999
0.9489186341322691,48088,4808800,67323.2,27025.836821400604,3606600.0,8295.179999999998
0.6220952201532667,36924,3692400,51693.6,11617.22414464446,2769300.0,6369.389999999999
0.40927396991732046,30362,3036200,42506.8,7389.852072366173,2277150.0,5237.445
0.9551055233390021,48988,4898800,68583.2,26555.943106213337,3674100.0,8450.43
0.8906577669496055,56292,5629200,78808.8,27039.00178709667,4221900.0,9710.37
0.904878053865516,43481,4348100,60873.4,17964.885151006933,3261075.0,7500.472499999999
0.9781719862535517,50670,5067000,70938.0,33121.08535946298,3800250.0,8740.575
0.9118056732804161,33738,3373800,47233.2,16794.469966237742,2530350.0,5819.805
0.5766693352417515,32469,3246900,45456.6,8884.372804385792,2435175.0,5600.9025
0.6310586371611552,51179,5117900,71650.6,16890.42049828341,3838425.0,8828.3775
0.9106820029101141,52534,5253400,73547.6,25641.098614564937,3940050.0,9062.115
0.5901532030937666,46106,4610600,64548.4,17732.787368824516,3457950.0,7953.284999999999
0.5016956480116556,46940,4694000,65716.0,14728.199131564717,3520500.0,8097.149999999999
0.7340807574750101,39017,3901700,54623.8,18199.044824047593,2926275.0,6730.432499999999
0.9616928644964686,32808,3280800,45931.2,13348.96614602134,2460600.0,5659.38
0.8881525493876457,46370,4637000,64918.0,22095.971632775465,3477750.0,7998.824999999999
0.8801526121750652,51534,5153400,72147.6,25163.426813796174,3865050.0,8889.615
0.9119280662616436,44870,4487000,62818.0,17405.537004223912,3365250.0,7740.074999999999
0.7690043360195018,42713,4271300,59798.2,16185.028508351794,3203475.0,7367.992499999999
0.994032310062558,37561,3756100,52585.4,23629.787063066415,2817075.0,6479.272499999999
0.48405040914191444,32719,3271900,45806.6,7259.829611056008,2453925.0,5644.0275
0.710997791418242,52890,5289000,74046.0,21430.408252323166,3966750.0,9123.525
0.9264238431567733,41700,4170000,58380.0,18553.20965390611,3127500.0,7193.249999999999
0.8444611706525227,33741,3374100,47237.4,12063.744934755337,2530575.0,5820.3225
0.8182094445971608,39766,3976600,55672.4,15862.931535478665,2982450.0,6859.634999999999
0.8214904503922655,33998,3399800,47597.2,19361.652282535702,2549850.0,5864.655
0.6156946907318531,56705,5670500,79387.0,22498.977268433035,4252875.0,9781.6125
0.8310480491861425,48787,4878700,68301.8,27922.13609219955,3659025.0,8415.7575
0.8363856260990543,46077,4607700,64507.8,21450.295559261886,3455775.0,7948.282499999999
0.9723571242027035,55164,5516400,77229.6,24176.548047537355,4137300.0,9515.79
0.9202433911480622,56588,5658800,79223.2,29861.144213760046,4244100.0,9761.43
0.9479443315338828,56123,5612300,78572.2,29113.214515624964,4209225.0,9681.2175
0.7068054393165627,30294,3029400,42411.6,14055.241034443728,2272050.0,5225.715
0.7009097768123198,40177,4017700,56247.8,12600.763832382625,3013275.0,6930.532499999999
0.8789771073800651,51727,5172700,72417.8,25311.736581995698,3879525.0,8922.9075
0.7899783584666591,39882,3988200,55834.8,14556.162907498883,2991150.0,6879.644999999999
0.821180126354622,31136,3113600,43590.4,13063.063039294657,2335200.0,5370.96
0.8774756016616606,32064,3206400,44889.6,17625.688192968213,2404800.0,5531.04
0.9340032050905398,37009,3700900,51812.6,19125.14220759818,2775675.0,6384.052499999999
0.9892230924267266,42987,4298700,60181.8,22335.53636004862,3224025.0,7415.257499999999
0.8746618632559506,34543,3454300,48360.2,16026.82322036842,2590725.0,5958.6675
0.8541489346287108,31007,3100700,43409.8,14530.643701322791,2325525.0,5348.7075
0.7469680845977045,35445,3544500,49623.0,16939.648994141116,2658375.0,6114.262499999999
0.42156536427804525,40706,4070600,56988.4,11493.649072834476,3052950.0,7021.784999999999
0.6793588108794761,44749,4474900,62648.6,20900.240204357713,3356175.0,7719.202499999999
0.725586780824546,41718,4171800,58405.2,19382.89711666881,3128850.0,7196.354999999999
0.5719247512769706,51736,5173600,72430.4,15040.551187267645,3880200.0,8924.46
0.7544999563414065,39439,3943900,55214.6,18231.281610751408,2957925.0,6803.227499999999
0.4183001499634297,43281,4328100,60593.4,9822.186230053085,3246075.0,7465.972499999999
0.4224089132495287,31435,3143500,44009.0,6523.7930323292785,2357625.0,5422.5375
0.8935603363957949,30571,3057100,42799.4,17904.786560313813,2292825.0,5273.4975
0.9287999086478032,32382,3238200,45334.8,12955.69076269743,2428650.0,5585.895
0.8817468342196193,55821,5582100,78149.4,33100.11636805435,4186575.0,9629.1225
0.8050772711320691,56660,5666000,79324.0,25052.754940707204,4249500.0,9773.85
0.8619961318591665,35084,3508400,49117.6,18097.472120151284,2631300.0,6051.989999999999
0.529492616498106,46661,4666100,65325.4,14938.115453025019,3499575.0,8049.022499999999
0.7737342854914002,43507,4350700,60909.8,22575.422055798386,3263025.0,7504.957499999999
0.4512084789962608,37059,3705900,51882.6,10003.83148499459,2779425.0,6392.677499999999
0.43100903270116464,48271,4827100,67579.4,12314.648995662828,3620325.0,8326.7475
0.7188127789408888,42771,4277100,59879.4,13486.391839199481,3207825.0,7377.9974999999995
0.7243810729660639,47649,4764900,66708.6,19506.883031488527,3573675.0,8219.4525
0.782457940898924,37491,3749100,52487.4,13554.218511049583,2811825.0,6467.197499999999
0.835654800233597,44527,4452700,62337.8,23310.87457255316,3339525.0,7680.907499999999
0.8312305194732381,47424,4742400,66393.6,22210.25626528351,3556800.0,8180.639999999999
0.9431944457694795,44859,4485900,62802.6,25829.18618912284,3364425.0,7738.177499999999
0.9317847883820303,55493,5549300,77690.2,22320.508780229695,4161975.0,9572.5425
0.8771117168612221,38073,3807300,53302.2,14818.434244464035,2855475.0,6567.592499999999
0.5624993507572446,39077,3907700,54707.8,13640.629128903998,2930775.0,6740.782499999999
0.6633828524233817,49136,4913600,68790.4,14348.216208974425,3685200.0,8475.96
0.4470738288053596,54597,5459700,76435.8,10738.737062113056,4094775.0,9417.9825
0.41521044604927454,50953,5095300,71334.2,8957.33897136821,3821475.0,8789.3925
0.977589048806755,41383,4138300,57936.2,27826.164350608266,3103725.0,7138.567499999999
0.9015880723073235,46378,4637800,64929.2,26196.47590987434,3478350.0,8000.204999999999
0.8175845236562188,52737,5273700,73831.8,22373.836136023583,3955275.0,9097.1325
0.6453717666485619,32353,3235300,45294.2,10503.121135323438,2426475.0,5580.8925
0.8054191985006968,53821,5382100,75349.4,22450.903671605276,4036575.0,9284.1225
0.84439443238659,34799,3479900,48718.6,18714.809553042713,2609925.0,6002.8275
0.8462149593176143,47070,4707000,65898.0,24105.27942053571,3530250.0,8119.574999999999
0.7295359988236723,54860,5486000,76804.0,18884.733905381006,4114500.0,9463.35
0.8287575536200373,51195,5119500,71673.0,19888.264932789018,3839625.0,8831.1375
0.7961184260306388,41939,4193900,58714.6,14943.009302102513,3145425.0,7234.477499999999
0.5679603381675657,55338,5533800,77473.2,19011.40054083031,4150350.0,9545.805
0.9729191683979165,51730,5173000,72422.0,31909.88012388778,3879750.0,8923.425
0.8427381500174611,51427,5142700,71997.8,21418.941760839043,3857025.0,8871.1575
0.7326124315068404,32428,3242800,45399.2,10117.331447577742,2432100.0,5593.83
0.7670324477406114,51510,5151000,72114.0,17503.178454400342,3863250.0,8885.475
0.6517600374566739,54604,5460400,76445.6,24591.82403212053,4095300.0,9419.19
0.9343785487197457,55482,5548200,77674.8,26061.83859801846,4161150.0,9570.645
0.8039421075508729,41296,4129600,57814.4,21094.43995536018,3097200.0,7123.5599999999995
0.8208217163969148,37813,3781300,52938.2,18464.526502774,2835975.0,6522.742499999999
0.40863609317785354,44414,4441400,62179.6,9563.57643046232,3331050.0,7661.414999999999
0.46964358430414976,41801,4180100,58521.4,9375.88998891794,3135075.0,7210.672499999999
0.4276015852130517,41745,4174500,58443.0,8103.792906589941,3130875.0,7201.012499999999
0.4244372813913821,56029,5602900,78440.6,14083.074000503742,4202175.0,9665.0025
0.9132763504066044,43025,4302500,60235.0,25026.067206481017,3226875.0,7421.812499999999
0.8221947156280143,33356,3335600,46698.4,16463.116960851217,2501700.0,5753.91
0.6845042974523952,55091,5509100,77127.4,21437.569087811895,4131825.0,9503.1975
0.4587004963906009,44288,4428800,62003.2,8770.895683844128,3321600.0,7639.679999999999
0.6949695250700993,53650,5365000,75110.0,25770.60863949951,4023750.0,9254.625
0.9599832170746379,36540,3654000,51156.0,22577.465741163775,2740500.0,6303.149999999999
0.8357089324108667,46422,4642200,64990.8,19474.849243424367,3481650.0,8007.794999999999
0.930549221570375,33342,3334200,46678.8,21544.45505764511,2500650.0,5751.495
0.639102840638424,39078,3907800,54709.2,14698.376037196751,2930850.0,6740.954999999999
0.76951005883133,32844,3284400,45981.6,14736.59867823392,2463300.0,5665.59
0.7810561905205863,40396,4039600,56554.4,19860.451532597162,3029700.0,6968.3099999999995
0.42718240586322676,47482,4748200,66474.8,13129.402913586364,3561150.0,8190.644999999999
0.6247675687758827,53411,5341100,74775.4,20148.947827779408,4005825.0,9213.3975
0.7755159494285419,48207,4820700,67489.8,17042.716216794932,3615525.0,8315.707499999999
0.7018817551480526,43998,4399800,61597.2,15895.113400003936,3299850.0,7589.654999999999
0.9138939047129934,43261,4326100,60565.4,26879.055814004965,3244575.0,7462.522499999999
0.795216178971367,49539,4953900,69354.6,19023.16555466993,3715425.0,8545.4775
0.8476365562093453,33093,3309300,46330.2,14704.43833282064,2481975.0,5708.5425
0.8198882785518691,41722,4172200,58410.8,18505.56000270541,3129150.0,7197.044999999999
0.8486344381998908,52042,5204200,72858.8,23982.87092532695,3903150.0,8977.245
0.41590678632497313,50162,5016200,70226.8,12342.864489301359,3762150.0,8652.945
0.751465348764078,49280,4928000,68992.0,25332.30092431893,3696000.0,8500.8
0.9641381448549745,41645,4164500,58303.0,19569.614662067783,3123375.0,7183.762499999999
0.7452845067255274,45083,4508300,63116.2,15254.931224521848,3381225.0,7776.817499999999
0.6329019557239132,30988,3098800,43383.2,9321.595412802873,2324100.0,5345.43
0.785972931065412,50500,5050000,70700.0,26527.46521111401,3787500.0,8711.25
0.6749517342949101,36446,3644600,51024.4,14779.918835997913,2733450.0,6286.9349999999995
0.727370073589561,46335,4633500,64869.0,16853.162788267717,3475125.0,7992.787499999999
0.9648788852659151,50563,5056300,70788.2,31636.779863837888,3792225.0,8722.1175
0.9444533863711319,46133,4613300,64586.2,28808.078890129866,3459975.0,7957.942499999999
0.9711392936212572,31682,3168200,44354.8,20215.07514066149,2376150.0,5465.145
0.9660439729133983,35626,3562600,49876.4,23310.128553490977,2671950.0,6145.484999999999
0.5174746808735778,37424,3742400,52393.6,9501.478373723081,2806800.0,6455.639999999999
0.4416167805250993,42857,4285700,59999.8,11950.332443690242,3214275.0,7392.832499999999
0.460466800826456,42155,4215500,59017.0,10655.676927794726,3161625.0,7271.737499999999
0.41093309539092987,47317,4731700,66243.8,12750.669088461258,3548775.0,8162.182499999999
0.45666577645355705,49982,4998200,69974.8,14242.326871533252,3748650.0,8621.895
0.8098040640498141,41425,4142500,57995.0,21382.482691353296,3106875.0,7145.812499999999
0.44271318907613744,31980,3198000,44772.0,8547.523555396892,2398500.0,5516.55
0.5913853781762568,45522,4552200,63730.8,12644.277995463104,3414150.0,7852.544999999999
0.9069251865816728,56431,5643100,79003.4,29305.30662253095,4232325.0,9734.3475
0.8794367059236909,49440,4944000,69216.0,30248.911582401524,3708000.0,8528.4
0.9336170273141292,38984,3898400,54577.6,24839.215421744666,2923800.0,6724.739999999999
0.8409968590831642,47175,4717500,66045.0,17142.696534072362,3538125.0,8137.687499999999
0.4708988965729938,45883,4588300,64236.2,10071.715329362083,3441225.0,7914.817499999999
0.8180422992184904,56385,5638500,78939.0,21073.921046574284,4228875.0,9726.4125
0.7773657080679304,35390,3539000,49546.0,17146.884127949612,2654250.0,6104.774999999999
0.9264832081162317,53019,5301900,74226.6,31878.679662338975,3976425.0,9145.7775
0.8410426262823314,48639,4863900,68094.6,19626.7172507432,3647925.0,8390.2275
0.8820885582309091,49994,4999400,69991.6,24767.783448579798,3749550.0,8623.965
0.5692207435427838,31607,3160700,44249.8,11791.4806593851,2370525.0,5452.2075
0.5064637262678338,51563,5156300,72188.2,16326.559615213886,3867225.0,8894.6175
0.850368850984515,36573,3657300,51202.2,17784.110364287146,2742975.0,6308.842499999999
0.8586295460522027,47368,4736800,66315.2,23804.958962408684,3552600.0,8170.979999999999
0.979267163704224,35776,3577600,50086.4,19701.200312891968,2683200.0,6171.359999999999
0.8026003847021472,33676,3367600,47146.4,13603.745577302725,2525700.0,5809.11
0.6232108514756699,33380,3338000,46732.0,12028.2944716287,2503500.0,5758.05
0.8658477764451982,38711,3871100,54195.4,20542.673930788395,2903325.0,6677.647499999999
0.6044821241518107,38782,3878200,54294.8,15578.603656879357,2908650.0,6689.894999999999
0.9584543953621388,47434,4743400,66407.6,27194.414746094593,3557550.0,8182.364999999999
0.9150476511058071,43997,4399700,61595.8,25488.760291941555,3299775.0,7589.482499999999
0.657396416425011,50017,5001700,70023.8,15283.746721275857,3751275.0,8627.9325
0.8505226406748985,36342,3634200,50878.8,16976.71945758505,2725650.0,6268.994999999999
0.8527257244508094,47343,4734300,66280.2,17061.131918364503,3550725.0,8166.667499999999
0.4618743213015596,36059,3605900,50482.6,8145.3282858548155,2704425.0,6220.177499999999
0.8171017061708936,38884,3888400,54437.6,19807.073575045346,2916300.0,6707.489999999999
0.8415772510292054,35655,3565500,49917.0,20935.69464999369,2674125.0,6150.487499999999
0.805306440774764,42091,4209100,58927.4,15177.676129103826,3156825.0,7260.697499999999
0.5920297606183671,50857,5085700,71199.8,16030.510009175405,3814275.0,8772.8325
0.9373139370977203,49330,4933000,69062.0,29777.995357136373,3699750.0,8509.425
0.6335210072404979,45251,4525100,63351.4,13678.104120337612,3393825.0,7805.797499999999
0.406502590888179,54109,5410900,75752.6,12656.704355883545,4058175.0,9333.8025
0.9432291858515582,30526,3052600,42736.4,18003.11894468107,2289450.0,5265.735
0.45477200607168017,33224,3322400,46513.6,8951.923248088424,2491800.0,5731.14
0.5915881825542489,45069,4506900,63096.6,12601.848360375132,3380175.0,7774.402499999999
0.9700371802304829,56829,5682900,79560.6,28638.506521716783,4262175.0,9803.0025
0.9703642881625336,41536,4153600,58150.4,25773.536463934983,3115200.0,7164.959999999999
0.8362870870179595,43547,4354700,60965.8,20946.911318402123,3266025.0,7511.857499999999
0.9166083121939385,48259,4825900,67562.6,18643.304588521383,3619425.0,8324.6775
0.8842849101184996,31763,3176300,44468.2,17781.588168320763,2382225.0,5479.1175
0.5759264630188388,38712,3871200,54196.8,9584.448686071475,2903400.0,6677.819999999999
0.5971987272219496,35797,3579700,50115.8,13442.554586366046,2684775.0,6174.982499999999
0.803511073646223,39208,3920800,54891.2,15017.81495761726,2940600.0,6763.379999999999
0.851424717662608,53483,5348300,74876.2,31341.148456583207,4011225.0,9225.8175
0.8749474262355091,35109,3510900,49152.6,16066.50989713616,2633175.0,6056.302499999999
0.8737708856767323,53028,5302800,74239.2,23701.89884824844,3977100.0,9147.33
0.45472366182921425,46500,4650000,65100.0,9762.24512676071,3487500.0,8021.249999999999
0.6966521828215488,32433,3243300,45406.2,11423.09308060644,2432475.0,5594.6925
0.4345352560099866,51847,5184700,72585.8,14992.430728412122,3888525.0,8943.6075
0.9785343422153949,46967,4696700,65753.8,32124.00424825819,3522525.0,8101.807499999999
0.9634887123476882,54970,5497000,76958.0,27706.34441554229,4122750.0,9482.325
0.8683634703395753,50172,5017200,70240.8,23770.92370398638,3762900.0,8654.67
0.6105490075312472,34167,3416700,47833.8,12979.062627676703,2562525.0,5893.8075
0.47024020985656356,54849,5484900,76788.6,17232.67038784805,4113675.0,9461.4525
0.48579500923170155,56589,5658900,79224.6,16110.963996933202,4244175.0,9761.6025
0.8569063790304834,47773,4777300,66882.2,21681.342382147563,3582975.0,8240.842499999999
0.7709308379897566,38357,3835700,53699.8,15836.061982570038,2876775.0,6616.582499999999
0.46067360567367416,56143,5614300,78600.2,15900.243978296676,4210725.0,9684.6675
0.4504640836689985,36154,3615400,50615.6,6854.828572223852,2711550.0,6236.564999999999
0.820581478875472,51804,5180400,72525.6,25228.693614807515,3885300.0,8936.19
0.44365780381851616,38920,3892000,54488.0,8970.947409252283,2919000.0,6713.699999999999
0.8518846866862585,48427,4842700,67797.8,26500.68982133649,3632025.0,8353.6575
0.8759384816334534,50581,5058100,70813.4,19762.06269024034,3793575.0,8725.2225
0.9180589885029615,49880,4988000,69832.0,26774.885733650157,3741000.0,8604.3
0.4509026284511152,47162,4716200,66026.8,11795.369345541281,3537150.0,8135.444999999999
0.9919837471007052,30213,3021300,42298.2,17978.02173405928,2265975.0,5211.7425
0.6245624774536722,33762,3376200,47266.8,9239.23040951834,2532150.0,5823.945
0.6223852882401346,43399,4339900,60758.6,15731.025033491767,3254925.0,7486.327499999999
0.8876797403545016,39768,3976800,55675.2,20376.433983166968,2982600.0,6859.979999999999
0.9683491464303152,40640,4064000,56896.0,22706.493136399367,3048000.0,7010.399999999999
0.9916006382937226,36731,3673100,51423.4,21451.988284251474,2754825.0,6336.097499999999
0.852026911155365,49501,4950100,69301.4,25702.631492032673,3712575.0,8538.9225
0.6257557513185494,35791,3579100,50107.4,14454.583128210292,2684325.0,6173.947499999999
0.8536127281645753,45822,4582200,64150.8,19383.05507730378,3436650.0,7904.294999999999
0.9248297815698268,38783,3878300,54296.2,23350.35161941987,2908725.0,6690.067499999999
0.8818823304382482,43621,4362100,61069.4,21523.621512333844,3271575.0,7524.6224999999995
0.6545332055481858,46019,4601900,64426.6,13300.70419971926,3451425.0,7938.277499999999
0.9438126310568415,32720,3272000,45808.0,13476.530855084207,2454000.0,5644.2
0.4667184893836908,38905,3890500,54467.0,9325.544934873427,2917875.0,6711.112499999999
0.6955750625745155,39127,3912700,54777.8,17411.86167275494,2934525.0,6749.407499999999
0.40681218686045145,52431,5243100,73403.4,13184.887667242585,3932325.0,9044.3475
0.6811963851964757,54416,5441600,76182.4,23753.615046702518,4081200.0,9386.76
0.4337819654091024,46385,4638500,64939.0,11365.03849858873,3478875.0,8001.412499999999
0.4712907497608432,36368,3636800,50915.2,9311.349785029412,2727600.0,6273.479999999999
0.47051574806626295,44056,4405600,61678.4,9562.031439618091,3304200.0,7599.659999999999
0.910409436170396,42236,4223600,59130.4,19683.374076085587,3167700.0,7285.709999999999
0.8872253058270634,48333,4833300,67666.2,23221.83434809401,3624975.0,8337.4425
0.8588931519083836,53116,5311600,74362.4,20292.577314950733,3983700.0,9162.51
0.9773035290847252,44451,4445100,62231.4,20929.168259249956,3333825.0,7667.797499999999
0.6249223477142225,54217,5421700,75903.8,19905.43570300546,4066275.0,9352.4325
0.5714272517691165,47301,4730100,66221.4,16919.8170798762,3547575.0,8159.422499999999
0.9211594769136762,49558,4955800,69381.2,31934.452460407043,3716850.0,8548.755
0.5341575031116716,40433,4043300,56606.2,14713.827783354684,3032475.0,6974.692499999999
0.9779335236643668,45525,4552500,63735.0,26708.61491558595,3414375.0,7853.062499999999
0.4072926848138898,53398,5339800,74757.2,11699.655468203107,4004850.0,9211.155
0.9819272960245834,30089,3008900,42124.6,17671.86671979759,2256675.0,5190.3525
0.4258959471703457,48093,4809300,67330.2,13108.513416703918,3606975.0,8296.0425
0.9896906613924313,40361,4036100,56505.4,18100.39981559047,3027075.0,6962.272499999999
0.9527211588319522,46369,4636900,64916.6,23624.537355593206,3477675.0,7998.652499999999
0.8280226351532906,33041,3304100,46257.4,17923.902967876038,2478075.0,5699.5725
0.44427793884123934,30105,3010500,42147.0,7054.947731828148,2257875.0,5193.1125
0.7323125706407925,39078,3907800,54709.2,16601.59546718096,2930850.0,6740.954999999999
0.9815815213714594,55003,5500300,77004.2,31561.1851381141,4125225.0,9488.0175
0.7138587065020894,48279,4827900,67590.6,16255.242431209012,3620925.0,8328.127499999999
0.7776391828811575,36090,3609000,50526.0,14633.817562191382,2706750.0,6225.524999999999
0.8174492133907703,54892,5489200,76848.8,23048.7965700016,4116900.0,9468.87
0.672724638860664,36082,3608200,50514.8,10372.811370716981,2706150.0,6224.144999999999
0.7765348480504382,47018,4701800,65825.2,15581.98362383369,3526350.0,8110.604999999999
0.7505885871538602,31925,3192500,44695.0,15644.547850580193,2394375.0,5507.0625
0.9736935951795825,48440,4844000,67816.0,23415.884064951355,3633000.0,8355.9
0.8974862396499027,36917,3691700,51683.8,18721.91824491649,2768775.0,6368.182499999999
0.9789104453788183,49528,4952800,69339.2,24418.37136107341,3714600.0,8543.58
0.9702468904459353,56846,5684600,79584.4,37692.14990281531,4263450.0,9805.935
0.9341582703345498,56015,5601500,78421.0,25776.3806975427,4201125.0,9662.5875
0.6733940516714279,30552,3055200,42772.8,11115.961388984031,2291400.0,5270.22
0.772079558680922,55291,5529100,77407.4,28361.088667840126,4146825.0,9537.6975
0.5664287097886797,51767,5176700,72473.8,19227.85586414461,3882525.0,8929.8075
0.5128726958342568,33911,3391100,47475.4,8210.921509929702,2543325.0,5849.6475
0.6782190429639894,56289,5628900,78804.6,24613.774260486087,4221675.0,9709.8525
0.6120113368156317,33389,3338900,46744.6,11204.050262406003,2504175.0,5759.6025
0.7501936671105233,55683,5568300,77956.2,23193.695293041736,4176225.0,9605.3175
0.959971051189463,43629,4362900,61080.6,19156.018198846057,3272175.0,7526.002499999999
0.8850427008938467,54826,5482600,76756.4,21474.90302484395,4111950.0,9457.485
0.8044938616640235,32430,3243000,45402.0,16275.377494711815,2432250.0,5594.175
0.8188970284118471,56630,5663000,79282.0,25923.566599376652,4247250.0,9768.675
0.7216578198064723,30458,3045800,42641.2,11920.291645567986,2284350.0,5254.005
0.5857165697717966,43395,4339500,60753.0,15866.981446313133,3254625.0,7485.637499999999
0.8882770118241692,30207,3020700,42289.8,17020.824316097885,2265525.0,5210.7075
0.8108387035323276,30899,3089900,43258.6,11637.488683737072,2317425.0,5330.0775
0.4975701636069348,41653,4165300,58314.2,12245.80790730682,3123975.0,7185.142499999999
0.9465563106963055,46405,4640500,64967.0,20113.19494724091,3480375.0,8004.862499999999
0.8935223457539014,38601,3860100,54041.4,21742.519133527872,2895075.0,6658.672499999999
0.9698799479751544,30894,3089400,43251.6,18096.36178456276,2317050.0,5329.215
0.8537354718769893,30514,3051400,42719.6,17919.155237337684,2288550.0,5263.665
0.9083268429321734,53678,5367800,75149.2,21419.426005533933,4025850.0,9259.455
0.9266956439652294,51288,5128800,71803.2,20721.194749120965,3846600.0,8847.18
0.9596370900124079,54251,5425100,75951.4,25979.219179494823,4068825.0,9358.2975
0.9196383337002451,34109,3410900,47752.6,15473.103827535202,2558175.0,5883.8025
0.4271312020637137,43258,4325800,60561.2,9038.022123822291,3244350.0,7462.004999999999
0.41582018469835125,45313,4531300,63438.2,12694.862110504671,3398475.0,7816.492499999999
0.6258780201268298,45349,4534900,63488.6,13904.035292637654,3401175.0,7822.702499999999
0.8863319984690997,37179,3717900,52050.6,16349.465537950677,2788425.0,6413.377499999999
0.9923656775889667,40326,4032600,56456.4,25316.735408405308,3024450.0,6956.234999999999
0.4902501346621169,41787,4178700,58501.8,11183.908687393736,3134025.0,7208.257499999999
0.7564784292112812,31560,3156000,44184.0,15219.465341141839,2367000.0,5444.1
0.8515775370866405,43612,4361200,61056.8,16278.117244853605,3270900.0,7523.069999999999
0.8278712148145648,47650,4765000,66710.0,21953.633640972443,3573750.0,8219.624999999998
0.9669860473598598,56745,5674500,79443.0,23562.522953686082,4255875.0,9788.5125
0.9029972228266827,50022,5002200,70030.8,19763.693241917903,3751650.0,8628.795
0.6812158958769822,55325,5532500,77455.0,25394.449676594148,4149375.0,9543.5625
0.6488917014025991,49811,4981100,69735.4,14835.407431701382,3735825.0,8592.3975
0.5640442431584237,34780,3478000,48692.0,11163.860106604201,2608500.0,5999.55
0.4338252979905563,48311,4831100,67635.4,11215.05339062064,3623325.0,8333.6475
0.918833425753032,41894,4189400,58651.6,19911.05451716373,3142050.0,7226.714999999999
0.8877406054780466,32356,3235600,45298.4,19301.009599119887,2426700.0,5581.41
0.9998306039716783,34790,3479000,48706.0,14821.87488054638,2609250.0,6001.275
0.9979821022443432,56911,5691100,79675.4,34410.58431136809,4268325.0,9817.1475
0.9968804361407104,46690,4669000,65366.0,32103.984284905306,3501750.0,8054.024999999999
0.9051380364605371,54363,5436300,76108.2,28384.34898191376,4077225.0,9377.6175
0.8343358571696607,50049,5004900,70068.6,28491.691527895975,3753675.0,8633.4525
0.9097884344064469,40181,4018100,56253.4,15888.505804006143,3013575.0,6931.222499999999
0.5484088610459186,37057,3705700,51879.8,10918.449000899127,2779275.0,6392.332499999999
0.6703264811860561,46082,4608200,64514.8,15223.949326606702,3456150.0,7949.144999999999
0.47749564909089703,30661,3066100,42925.4,9144.88992725406,2299575.0,5289.0225
0.9724306163552334,34644,3464400,48501.6,23405.797937567946,2598300.0,5976.09
0.763704780670528,45711,4571100,63995.4,17169.587045052624,3428325.0,7885.147499999999
0.5371856833020776,54887,5488700,76841.8,17784.139483634455,4116525.0,9468.0075
0.803020410643514,32920,3292000,46088.0,12569.18442124519,2469000.0,5678.7
0.7708769442747375,55658,5565800,77921.2,24811.90967887746,4174350.0,9601.005
0.8544614653038738,46002,4600200,64402.8,21614.92737728971,3450150.0,7935.344999999999
0.8036781353094934,44025,4402500,61635.0,24490.00940477128,3301875.0,7594.312499999999
0.9828597613120998,38946,3894600,54524.4,22599.12731705765,2920950.0,6718.1849999999995
0.7121846205422759,42732,4273200,59824.8,15760.125588159486,3204900.0,7371.269999999999
0.8633910350413836,36236,3623600,50730.4,14139.53478260377,2717700.0,6250.709999999999
0.712098100667196,46309,4630900,64832.6,15246.679047197109,3473175.0,7988.302499999999
0.9113089001911241,52462,5246200,73446.8,23096.03186993985,3934650.0,9049.695
0.7311441032646913,43518,4351800,60925.2,15599.39725743087,3263850.0,7506.854999999999
0.7365627829212318,30352,3035200,42492.8,14714.205411834426,2276400.0,5235.72
0.925992161595007,55478,5547800,77669.2,29649.069852139928,4160850.0,9569.955
0.6420897197274382,37005,3700500,51807.0,13461.515370884612,2775375.0,6383.362499999999
0.48040913707038446,44036,4403600,61650.4,9565.05611131126,3302700.0,7596.209999999999
0.8235502165780283,46542,4654200,65158.8,25329.747930286518,3490650.0,8028.494999999999
0.9153032951028507,56553,5655300,79174.2,32216.761942913374,4241475.0,9755.3925
0.8548110441374412,30956,3095600,43338.4,11615.213248272781,2321700.0,5339.91
0.8224478608595341,32071,3207100,44899.4,16305.928791057737,2405325.0,5532.2475
0.5277784969053465,38595,3859500,54033.0,11655.302044641054,2894625.0,6657.637499999999
0.48182288535206186,45140,4514000,63196.0,9632.479290640673,3385500.0,7786.649999999999
0.4087267994007292,42803,4280300,59924.2,9592.785226822127,3210225.0,7383.517499999999
0.6103525352839582,55963,5596300,78348.2,18981.644223203803,4197225.0,9653.6175
0.7539506121127799,33453,3345300,46834.2,11763.924268355066,2508975.0,5770.6425
0.6353464270598395,36675,3667500,51345.0,15956.645634483773,2750625.0,6326.437499999999
0.6624849532142374,30955,3095500,43337.0,13493.610478697417,2321625.0,5339.7375
0.942495216696249,36295,3629500,50813.0,20775.33384911681,2722125.0,6260.887499999999
0.9108356005031587,45921,4592100,64289.4,22981.25737514909,3444075.0,7921.3724999999995
0.9302840776703729,48096,4809600,67334.4,23950.64466361856,3607200.0,8296.56
0.9659483607414403,45282,4528200,63394.8,26343.446616970283,3396150.0,7811.144999999999
0.6379256693927621,34703,3470300,48584.2,12678.85829258747,2602725.0,5986.2675
0.7732520201367241,36563,3656300,51188.2,12367.384798944346,2742225.0,6307.117499999999
0.9174182252480471,55849,5584900,78188.6,28872.025775399852,4188675.0,9633.9525
0.9697123741945852,52015,5201500,72821.0,32573.534238795273,3901125.0,8972.5875
0.4882440885574228,42003,4200300,58804.2,11250.270043761731,3150225.0,7245.517499999999
0.9559525750968967,40817,4081700,57143.8,16955.67275543087,3061275.0,7040.932499999999
0.6952697758477229,56958,5695800,79741.2,25351.005431788857,4271850.0,9825.255
0.5549466329793751,56017,5601700,78423.8,14809.018715799692,4201275.0,9662.9325
0.6754814537429568,41171,4117100,57639.4,13694.15030986423,3087825.0,7101.9974999999995
0.8412842543521206,56373,5637300,78922.2,22105.96999980276,4227975.0,9724.3425
0.8021991657316961,42582,4258200,59614.8,17505.254081056533,3193650.0,7345.394999999999
0.8273771260137615,42201,4220100,59081.4,22063.175748745358,3165075.0,7279.672499999999
0.7800405125900355,47778,4777800,66889.2,21072.810771298402,3583350.0,8241.705
0.5440873712669159,42473,4247300,59462.2,11031.479323177671,3185475.0,7326.592499999999
0.4455179968651984,39461,3946100,55245.4,11705.020714204637,2959575.0,6807.022499999999
0.47732783314638955,51116,5111600,71562.4,16256.696595163976,3833700.0,8817.51
0.4768275033746635,50098,5009800,70137.2,15856.014883419028,3757350.0,8641.905
0.4911416161073766,45596,4559600,63834.4,10902.854000737247,3419700.0,7865.3099999999995
0.4832963035896461,30529,3052900,42740.6,8061.105928731172,2289675.0,5266.2525
0.7845248468819288,49342,4934200,69078.8,26934.323276322655,3700650.0,8511.495
0.509128050639487,54288,5428800,76003.2,17583.26861998412,4071600.0,9364.68
0.980003728369621,49975,4997500,69965.0,20942.340324672834,3748125.0,8620.6875
0.9747780155125031,56723,5672300,79412.2,24232.26793634041,4254225.0,9784.7175
0.9194826204340617,53279,5327900,74590.6,26939.15256361969,3995925.0,9190.6275
0.8005346431126164,42765,4276500,59871.0,23094.211314816937,3207375.0,7376.962499999999
0.5033919227209779,43910,4391000,61474.0,12617.7354371982,3293250.0,7574.474999999999
0.5153734112852024,41561,4156100,58185.4,11981.763878645608,3117075.0,7169.272499999999
0.42452116975988735,39131,3913100,54783.4,7467.608230299809,2934825.0,6750.097499999999
0.5013610378432988,30525,3052500,42735.0,9242.089148537085,2289375.0,5265.5625
0.5671542034191752,52861,5286100,74005.4,19492.88276076285,3964575.0,9118.5225
0.5062062905660482,46385,4638500,64939.0,12362.832735857766,3478875.0,8001.412499999999
0.4532215202542334,30374,3037400,42523.6,8771.396233531279,2278050.0,5239.515
0.4723815226603605,56916,5691600,79682.4,18552.82346544453,4268700.0,9818.01
0.9201033720867307,42197,4219700,59075.8,18521.932360208197,3164775.0,7278.982499999999
0.9330073349092511,34648,3464800,48507.2,18314.197857583113,2598600.0,5976.78
0.83507425572469,32365,3236500,45311.0,13524.362940417357,2427375.0,5582.9625
0.7020503625129142,47909,4790900,67072.6,21593.34313285396,3593175.0,8264.3025
0.8142368971776193,31646,3164600,44304.4,14989.535792665189,2373450.0,5458.935
0.4235872839046594,30013,3001300,42018.2,7598.419757939922,2250975.0,5177.2425
0.8796462393454256,34599,3459900,48438.6,19582.287826774023,2594925.0,5968.3275
0.7767402336945446,32278,3227800,45189.2,13309.815012700961,2420850.0,5567.955
0.4490554191693232,44296,4429600,62014.4,13451.038495937448,3322200.0,7641.0599999999995
0.9241471744640664,33155,3315500,46417.0,17441.817937543165,2486625.0,5719.2375
0.9525234403190879,38321,3832100,53649.4,16945.064615678435,2874075.0,6610.3724999999995
0.4366467759129183,33814,3381400,47339.6,9078.147227467742,2536050.0,5832.915
0.9828823891849919,43125,4312500,60375.0,27217.124806368058,3234375.0,7439.062499999999
0.8837541049784147,33216,3321600,46502.4,14932.57715972897,2491200.0,5729.76
0.8766277056498996,56616,5661600,79262.4,32757.067599550162,4246200.0,9766.26
0.5107126116138264,54603,5460300,76444.2,18787.65595464975,4095225.0,9419.0175
0.5256095940020262,32113,3211300,44958.2,8397.8145264531,2408475.0,5539.4925
0.6222832616748292,55828,5582800,78159.2,24158.287193043565,4187100.0,9630.33
0.6907137911146128,50740,5074000,71036.0,16100.481018202485,3805500.0,8752.65
0.7709528629181777,40238,4023800,56333.2,14783.790411125121,3017850.0,6941.054999999999
0.6213481837418635,43760,4376000,61264.0,12822.43322182577,3282000.0,7548.599999999999
0.6775208296798887,51927,5192700,72697.8,23582.844916769078,3894525.0,8957.4075
0.8484825628802539,50939,5093900,71314.6,26070.90144564961,3820425.0,8786.9775
0.42200992173435875,42588,4258800,59623.2,8313.911467587357,3194100.0,7346.429999999999
0.9037835410565676,53446,5344600,74824.4,26242.89797888989,4008450.0,9219.435
0.809393193355011,33374,3337400,46723.6,15999.168219564635,2503050.0,5757.015
0.8332566737512159,36430,3643000,51002.0,13458.7343407268,2732250.0,6284.174999999999
0.7070064652693997,49850,4985000,69790.0,23510.628737418894,3738750.0,8599.125
0.7192680911591893,49465,4946500,69251.0,22948.51435218916,3709875.0,8532.7125
0.46430320680386566,41970,4197000,58758.0,10941.02087779492,3147750.0,7239.824999999999
0.6684474200940729,30629,3062900,42880.6,14143.260451958718,2297175.0,5283.5025
0.7195703598730139,46653,4665300,65314.2,18026.248389217475,3498975.0,8047.642499999999
0.5454823021808378,40831,4083100,57163.4,15491.71830785998,3062325.0,7043.347499999999
0.5615459385696286,56569,5656900,79196.6,19282.577037341365,4242675.0,9758.1525
0.6263704978627735,35724,3572400,50013.6,13374.587980708628,2679300.0,6162.389999999999
0.41204271866663583,52281,5228100,73193.4,10048.64260632968,3921075.0,9018.4725
0.9476067232852741,41083,4108300,57516.2,25964.316822373374,3081225.0,7086.817499999999
0.8165597335850253,43149,4314900,60408.6,19015.545555962217,3236175.0,7443.202499999999
0.9206304218932777,49816,4981600,69742.4,21345.395791010887,3736200.0,8593.26
0.47185727909155073,39472,3947200,55260.8,7888.311966552853,2960400.0,6808.919999999999
0.934316368443937,36276,3627600,50786.4,19547.31411363813,2720700.0,6257.609999999999
0.7561554721324293,45635,4563500,63889.0,19588.742025511223,3422625.0,7872.037499999999
0.8074613914866937,35895,3589500,50253.0,18011.10098481678,2692125.0,6191.887499999999
0.8735027431644029,43994,4399400,61591.6,25719.382956457266,3299550.0,7588.964999999999
0.6990653193574343,53499,5349900,74898.6,16539.23420961776,4012425.0,9228.5775
0.45215217285245424,53040,5304000,74256.0,14984.504175461487,3978000.0,9149.4
0.7222639250911287,40552,4055200,56772.8,13838.446915671033,3041400.0,6995.219999999999
0.7521046708125274,46959,4695900,65742.6,23320.16216606899,3521925.0,8100.427499999999
0.8490698219362642,53413,5341300,74778.2,29448.355753566906,4005975.0,9213.7425
0.8778591228083954,36099,3609900,50538.6,18108.27770449137,2707425.0,6227.077499999999
0.85773874735414,39499,3949900,55298.6,20967.13761015368,2962425.0,6813.577499999999
0.5702655434792347,49576,4957600,69406.4,14362.423951118311,3718200.0,8551.86
0.617849377839181,33178,3317800,46449.2,11313.95548756419,2488350.0,5723.205
0.7875503447989607,52436,5243600,73410.4,26844.802273129033,3932700.0,9045.21
0.7424669828013472,49118,4911800,68765.2,20006.40589922427,3683850.0,8472.855
0.6136580355387078,36116,3611600,50562.4,11528.761482028387,2708700.0,6230.009999999999
0.9919091492757878,45563,4556300,63788.2,25235.60155599749,3417225.0,7859.617499999999
0.7634648916141322,56788,5678800,79503.2,28263.9689776868,4259100.0,9795.93
0.5423360750415966,56928,5692800,79699.2,15864.915249051506,4269600.0,9820.08
0.46106948357224226,33568,3356800,46995.2,7253.430846101783,2517600.0,5790.48
0.8711345432929899,39847,3984700,55785.8,21499.42137710303,2988525.0,6873.607499999999
0.9438091810368491,56155,5615500,78617.0,34517.259137569294,4211625.0,9686.7375
0.859424343124635,44135,4413500,61789.0,16999.721036621155,3310125.0,7613.287499999999
0.5119402144307835,48587,4858700,68021.8,12117.560260844088,3644025.0,8381.2575
0.5710571012163083,47774,4777400,66883.6,12542.812128343838,3583050.0,8241.015
0.5040241571768529,31742,3174200,44438.8,8278.122878058843,2380650.0,5475.495
0.9380592547758551,48309,4830900,67632.6,24747.374136335544,3623175.0,8333.3025
0.4481402473969853,30619,3061900,42866.6,8640.102656308627,2296425.0,5281.7775
0.7147068337421528,47658,4765800,66721.2,20515.966734988397,3574350.0,8221.005
0.6462380961937969,47340,4734000,66276.0,18167.906374002425,3550500.0,8166.149999999999
0.9894271701451638,31939,3193900,44714.6,16390.495254254092,2395425.0,5509.4775
0.46722334130083143,50337,5033700,70471.8,15418.933142910464,3775275.0,8683.1325
0.9132809280593794,56957,5695700,79739.8,28711.733939215035,4271775.0,9825.0825
0.89521008043982,46001,4600100,64401.4,28585.459544538076,3450075.0,7935.172499999999
0.9327342330725297,30968,3096800,43355.2,17260.463234498995,2322600.0,5341.98
0.8902432425695679,44846,4484600,62784.4,18179.48918576117,3363450.0,7735.9349999999995
0.5547416962269639,55892,5589200,78248.8,18892.64743005799,4191900.0,9641.37
0.5025325524340395,55619,5561900,77866.6,14283.446990482507,4171425.0,9594.2775
0.8011859319546586,30281,3028100,42393.4,14851.718761480548,2271075.0,5223.4725
0.9576255934765515,45360,4536000,63504.0,19090.934910717682,3402000.0,7824.599999999999
0.7340577358083579,36262,3626200,50766.8,12483.146691046206,2719650.0,6255.194999999999
0.7429676136819399,31058,3105800,43481.2,15220.476571283221,2329350.0,5357.505
0.5679874561961705,50677,5067700,70947.8,13920.189976014979,3800775.0,8741.7825
0.8616957599151621,40724,4072400,57013.6,22963.007669534054,3054300.0,7024.889999999999
0.9873659478649516,35178,3517800,49249.2,17304.165635204336,2638350.0,6068.204999999999
0.9465144194420501,36980,3698000,51772.0,21001.504671741062,2773500.0,6379.049999999999
0.8429880757181514,39200,3920000,54880.0,20301.679041313066,2940000.0,6761.999999999999
0.704566227210673,31229,3122900,43720.6,12399.58682781541,2342175.0,5387.0025
0.5454458394490481,55611,5561100,77855.4,15332.829980475775,4170825.0,9592.8975
0.46890209484352213,50969,5096900,71356.6,11460.762428447288,3822675.0,8792.1525
0.7663720254649795,38467,3846700,53853.8,12655.572247710692,2885025.0,6635.557499999999
0.5731783319441535,49124,4912400,68773.6,14222.14650093141,3684300.0,8473.89
0.7487429328535673,32289,3228900,45204.6,14575.458613338695,2421675.0,5569.8525
0.4926176291645214,31239,3123900,43734.6,10506.379916917911,2342925.0,5388.7275
0.6886840611128905,35370,3537000,49518.0,16172.68509111994,2652750.0,6101.324999999999
0.7195536595309515,46170,4617000,64638.0,21079.165438297376,3462750.0,7964.324999999999
0.806236627012257,30125,3012500,42175.0,15562.828616154671,2259375.0,5196.5625
0.852452808859965,42504,4250400,59505.6,21964.081812237193,3187800.0,7331.939999999999
0.919015586140051,53857,5385700,75399.8,24395.31964812186,4039275.0,9290.3325
0.43802498228366066,55784,5578400,78097.6,16469.40246024494,4183800.0,9622.74
0.9939761394339671,45398,4539800,63557.2,27426.916349834322,3404850.0,7831.154999999999
0.5934123069848338,51726,5172600,72416.4,17708.57361876505,3879450.0,8922.735
0.885924667512781,53735,5373500,75229.0,21473.596109385653,4030125.0,9269.2875
0.5527843928582583,36638,3663800,51293.2,11041.393894164301,2747850.0,6320.054999999999
0.8089016333343575,36570,3657000,51198.0,16237.312661953538,2742750.0,6308.324999999999
0.8561367159338119,33249,3324900,46548.6,18846.50149455227,2493675.0,5735.4525
0.7573832443647066,39110,3911000,54754.0,16974.802984071186,2933250.0,6746.474999999999
0.6829457131300951,37595,3759500,52633.0,13518.380711548987,2819625.0,6485.137499999999
0.8102851626968501,43605,4360500,61047.0,24503.222594126688,3270375.0,7521.862499999999
0.8992732494402473,42115,4211500,58961.0,17080.741586483546,3158625.0,7264.837499999999
0.9193685697833779,36294,3629400,50811.6,17962.21155557396,2722050.0,6260.714999999999
0.8983716446726375,52911,5291100,74075.4,20523.496898233847,3968325.0,9127.1475
0.9790161463999075,35757,3575700,50059.8,21955.25011770053,2681775.0,6168.082499999999
0.4745783340913269,42595,4259500,59633.0,13686.569503324028,3194625.0,7347.637499999999
0.8385204851221866,31969,3196900,44756.6,13360.720226786932,2397675.0,5514.6525
0.9630042740926227,40985,4098500,57379.0,26062.61036370405,3073875.0,7069.912499999999
0.5087398396993961,47275,4727500,66185.0,12069.136755749125,3545625.0,8154.937499999999
0.4398977604200665,34470,3447000,48258.0,10235.448399530655,2585250.0,5946.075
0.8446723895740355,53559,5355900,74982.6,28551.265376131883,4016925.0,9238.9275
0.7446838679079472,40225,4022500,56315.0,19332.116104255816,3016875.0,6938.812499999999
0.8668487781633922,39556,3955600,55378.4,14574.289367073496,2966700.0,6823.409999999999
0.9541824407491644,54704,5470400,76585.6,35994.77857671997,4102800.0,9436.44
0.8213196506267544,39206,3920600,54888.4,20076.07604507409,2940450.0,6763.034999999999
0.5209763920286468,39991,3999100,55987.4,10528.237012421234,2999325.0,6898.447499999999
0.49819356571942275,53196,5319600,74474.4,17285.35086149969,3989700.0,9176.31
0.4985594787585958,37519,3751900,52526.6,9330.765134400952,2813925.0,6472.027499999999
0.8887448321388293,43669,4366900,61136.6,25784.63876730904,3275175.0,7532.902499999999
0.79911833241772,34612,3461200,48456.8,12488.698887358993,2595900.0,5970.57
0.7138392548614716,56094,5609400,78531.6,24707.259480913373,4207050.0,9676.215
0.6152982904741016,42373,4237300,59322.2,14897.445082846412,3177975.0,7309.342499999999
0.9263203244878649,47582,4758200,66614.8,19703.35656634585,3568650.0,8207.894999999999
0.6354670644535813,45552,4555200,63772.8,14118.228547505361,3416400.0,7857.719999999999
0.8150275563471618,44646,4464600,62504.4,15409.221806558542,3348450.0,7701.4349999999995
0.9456377512407207,35238,3523800,49333.2,18369.131294454382,2642850.0,6078.554999999999
0.8990982632412398,45577,4557700,63807.8,20667.53104896801,3418275.0,7862.032499999999
0.6776078714017639,52473,5247300,73462.2,20890.644872686265,3935475.0,9051.5925
0.5808267244984853,52641,5264100,73697.4,15386.303640655018,3948075.0,9080.5725
0.8485656281057508,45504,4550400,63705.6,19460.14315180864,3412800.0,7849.439999999999
0.7016322340554875,54089,5408900,75724.6,23836.538934968914,4056675.0,9330.3525
0.5393276170880904,33719,3371900,47206.6,7883.088544049887,2528925.0,5816.5275
0.9397447439647411,30302,3030200,42422.8,19159.052320637285,2272650.0,5227.095
0.6303347328239268,42144,4214400,59001.6,17496.49519374839,3160800.0,7269.839999999999
0.7261317166683932,47370,4737000,66318.0,20878.388422046937,3552750.0,8171.324999999999
0.9438832665787281,40055,4005500,56077.0,22158.90296350363,3004125.0,6909.487499999999
0.9376804792855472,34440,3444000,48216.0,21631.7742925472,2583000.0,5940.9
0.8869654677207492,51293,5129300,71810.2,21468.80352736471,3846975.0,8848.0425
0.8492804066478215,33072,3307200,46300.8,12417.759476118665,2480400.0,5704.92
0.7766248318428508,43598,4359800,61037.2,16491.60192111944,3269850.0,7520.654999999999
0.6009433687942517,44287,4428700,62001.8,17099.000257652453,3321525.0,7639.507499999999
0.4835632435980324,43965,4396500,61551.0,9135.524147336828,3297375.0,7583.962499999999
0.8764151135621776,49508,4950800,69311.2,25304.17987371431,3713100.0,8540.13
0.7720436535571081,39519,3951900,55326.6,21318.298312524614,2963925.0,6817.027499999999
0.7200766551857929,43380,4338000,60732.0,20603.716816850007,3253500.0,7483.049999999999
0.9363355498305745,56984,5698400,79777.6,30199.833786280306,4273800.0,9829.74
0.8731583267347185,41865,4186500,58611.0,16004.390930585398,3139875.0,7221.712499999999
0.4910049278396507,38125,3812500,53375.0,12219.842063816086,2859375.0,6576.562499999999
0.96382046353484,33291,3329100,46607.4,18857.71234558284,2496825.0,5742.6975
0.9598831757937959,34033,3403300,47646.2,14771.722930848213,2552475.0,5870.6925
0.9389392941708854,35105,3510500,49147.0,14710.043429287649,2632875.0,6055.612499999999
0.4201194608414677,47087,4708700,65921.8,13346.937928063015,3531525.0,8122.507499999999
0.74193381092279,38133,3813300,53386.2,17183.982277095445,2859975.0,6577.942499999999
0.8574752114444143,46958,4695800,65741.2,26261.054575462716,3521850.0,8100.254999999999
0.9260593820570496,35704,3570400,49985.6,22024.412445118232,2677800.0,6158.939999999999
0.6052490492295445,37848,3784800,52987.2,13288.535328840902,2838600.0,6528.779999999999
0.8927543828032077,51592,5159200,72228.8,26018.028252597192,3869400.0,8899.62
0.46637904217312437,42975,4297500,60165.0,10833.440898581119,3223125.0,7413.187499999999
0.9078713750407109,36924,3692400,51693.6,17054.274832465682,2769300.0,6369.389999999999
0.4764931973991895,50212,5021200,70296.8,12960.224753854014,3765900.0,8661.57
0.8544290274459926,49614,4961400,69459.6,26990.17770080415,3721050.0,8558.415
0.9180461333738175,30488,3048800,42683.2,16472.83560771571,2286600.0,5259.18
0.8721947793880054,37114,3711400,51959.6,21685.3008495631,2783550.0,6402.164999999999
0.537550837139585,55923,5592300,78292.2,16357.832891266948,4194225.0,9646.7175
0.8333515410358399,45740,4574000,64036.0,22488.75606203284,3430500.0,7890.149999999999
0.8320219219276446,33173,3317300,46442.2,16471.140555193633,2487975.0,5722.3425
0.7846885797311784,31667,3166700,44333.8,14553.286953806977,2375025.0,5462.5575
0.8163690666802601,56213,5621300,78698.2,28302.423762639173,4215975.0,9696.7425
0.7256346660085577,34114,3411400,47759.6,12042.506290373827,2558550.0,5884.665
0.5510794353441717,33553,3355300,46974.2,10418.617268789523,2516475.0,5787.8925
0.6074175961023517,37761,3776100,52865.4,10302.772583963893,2832075.0,6513.772499999999
0.5089586300808554,31000,3100000,43400.0,8325.320476028834,2325000.0,5347.5
0.8183164146653269,45638,4563800,63893.2,20784.97663403983,3422850.0,7872.554999999999
0.9834627150924485,55426,5542600,77596.4,32848.609534606265,4156950.0,9560.985
0.8273637261837923,47772,4777200,66880.8,27119.903602290604,3582900.0,8240.669999999998
0.6772034821864796,35450,3545000,49630.0,14120.412123185617,2658750.0,6115.124999999999
0.9683700037670891,33712,3371200,47196.8,20508.227740532297,2528400.0,5815.32
0.49201084186964816,31367,3136700,43913.8,8669.503261714479,2352525.0,5410.8075
0.7517378992100783,38189,3818900,53464.6,17154.511278176644,2864175.0,6587.602499999999
0.7035332073306796,39013,3901300,54618.2,12072.839486080366,2925975.0,6729.742499999999
0.7668725412607886,46838,4683800,65573.2,17644.36754141074,3512850.0,8079.554999999999
0.4108661102925043,56200,5620000,78680.0,12037.60471613811,4215000.0,9694.5
0.9232743453664909,49156,4915600,68818.4,25065.76039374826,3686700.0,8479.41
0.9592709694901674,33726,3372600,47216.4,14001.513205146834,2529450.0,5817.735
0.9900474707641604,53616,5361600,75062.4,24375.78944396204,4021200.0,9248.76
0.8892011545915912,34806,3480600,48728.4,15397.641642490351,2610450.0,6004.035
0.8370265857677239,32190,3219000,45066.0,18645.95447802639,2414250.0,5552.775
